{
	"format_version": "1.8.0",
	"animations": {
		"kuuga_henshin": {
			"loop": "play_once",
			"animation_length": 2.7917,
			"bones": {
				"torso": {
					"rotation": {
						"1.75": {
							"vector": [0, 0, 0]
						},
						"2.0": {
							"vector": [0, -32.5, 0]
						},
						"2.25": {
							"vector": [0, 0, 0]
						}
					},
					"position": {
						"1.75": {
							"vector": [0, 0, 0]
						},
						"2.0": {
							"vector": [0, 0, 0]
						},
						"2.25": {
							"vector": [0, 0, 0]
						}
					},
					"scale": {
						"1.75": {
							"vector": [1, 1, 1]
						},
						"2.0": {
							"vector": [1, 1, 1]
						},
						"2.25": {
							"vector": [1, 1, 1]
						}
					}
				},
				"head": {
					"rotation": {
						"vector": [0, 0, 0]
					},
					"position": {
						"vector": [0, 0, 0]
					},
					"scale": {
						"vector": [1, 1, 1]
					}
				},
				"right_arm": {
					"rotation": {
						"0.0": {
							"vector": [0, 0, 0]
						},
						"0.25": {
							"vector": [-42.73421, 15.69986, 16.32495],
							"easing": "easeInOutQuint"
						},
						"0.5": {
							"vector": [-33.64293, -12.27659, -12.56853],
							"easing": "easeInQuint"
						},
						"0.7917": {
							"vector": [-33.64, -12.28, -12.57]
						},
						"1.0": {
							"vector": [-115.00758, -50.01872, 3.57646],
							"easing": "easeInQuint"
						},
						"1.5": {
							"vector": [-130.11045, 26.12912, -24.04996]
						},
						"1.75": {
							"vector": [-130.11, 26.13, -24.05]
						},
						"2.0": {
							"vector": [-155.99406, -65.62037, 91.20288]
						},
						"2.25": {
							"vector": [0, 0, 17.5]
						},
						"2.7917": {
							"vector": [0, 0, 0]
						}
					},
					"position": {
						"0.0": {
							"vector": [0, 0, 0]
						},
						"0.5": {
							"vector": [0, 0, 0]
						},
						"0.7917": {
							"vector": [0.29619, -0.78694, -0.5413]
						},
						"1.0": {
							"vector": [1.17574, 0.42595, -3.81941],
							"easing": "easeInQuint"
						},
						"1.5": {
							"vector": [-0.76204, -0.30468, -1.23375]
						},
						"1.75": {
							"vector": [-0.76, -0.3, -1.23]
						},
						"2.0": {
							"vector": [1.82707, -1.93774, -2.28572],
							"easing": "easeInQuint"
						},
						"2.25": {
							"vector": [0, 0, 0]
						},
						"2.7917": {
							"vector": [0, 0, 0]
						}
					},
					"scale": {
						"0.0": {
							"vector": [1, 1, 1]
						},
						"0.7917": {
							"vector": [1, 1, 1]
						},
						"1.75": {
							"vector": [1, 1, 1]
						},
						"2.25": {
							"vector": [1, 1, 1]
						},
						"2.7917": {
							"vector": [1, 1, 1]
						}
					}
				},
				"left_arm": {
					"rotation": {
						"0.0": {
							"vector": [0, 0, 0]
						},
						"0.25": {
							"vector": [-45.23502, -16.3882, -15.63367],
							"easing": "easeInOutQuint"
						},
						"0.5": {
							"vector": [-33.6453, 12.80911, 12.02501],
							"easing": "easeInQuint"
						},
						"0.7917": {
							"vector": [-33.65, 12.81, 12.03]
						},
						"1.0": {
							"vector": [-23.74481, 27.52769, 40.0225],
							"easing": "easeInQuint"
						},
						"1.5": {
							"vector": [-36.05644, 12.45378, 12.28422]
						},
						"1.75": {
							"vector": [-36.06, 12.45, 12.28]
						},
						"2.0": {
							"vector": [-18.56, 12.45, 12.28]
						},
						"2.25": {
							"vector": ["0", 0, -20]
						},
						"2.7917": {
							"vector": [0, 0, 0]
						}
					},
					"position": {
						"0.0": {
							"vector": [0, 0, 0]
						},
						"0.5": {
							"vector": [0, 0, 0]
						},
						"0.7917": {
							"vector": [-0.29366, -0.78855, -0.54033]
						},
						"1.0": {
							"vector": [-1.02117, -1.37129, -0.89708],
							"easing": "easeInQuint"
						},
						"1.5": {
							"vector": [0.30166, -1.31756, -0.39952]
						},
						"1.75": {
							"vector": [0.3, -1.32, -0.4]
						},
						"2.25": {
							"vector": [0, 0, 0]
						},
						"2.7917": {
							"vector": [0, 0, 0]
						}
					},
					"scale": {
						"0.0": {
							"vector": [1, 1, 1]
						},
						"0.7917": {
							"vector": [1, 1, 1]
						},
						"1.75": {
							"vector": [1, 1, 1]
						},
						"2.25": {
							"vector": [1, 1, 1]
						},
						"2.7917": {
							"vector": [1, 1, 1]
						}
					}
				}
			}
		}
	},
	"geckolib_format_version": 2
}