{
	"format_version": "1.8.0",
	"animations": {
		"spin": {
			"animation_length": 0.75,
			"bones": {
				"bone": {
					"rotation": {
						"0.0": {
							"vector": [0, 0, 0]
						},
						"0.125": {
							"vector": [-114.39864, -17.59452, -33.74183]
						},
						"0.2083": {
							"vector": [-156.45942, 52.12683, -68.78845]
						},
						"0.375": {
							"vector": [-174.68914, 78.19024, -103.18268]
						}
					}
				}
			}
		},
		"spin_main": {
			"animation_length": 0.75,
			"bones": {
				"bone": {
					"rotation": {
						"0.0": {
							"vector": [0, 0, 0]
						},
						"0.125": {
							"vector": [-114.39864, -17.59452, -33.74183]
						},
						"0.2083": {
							"vector": [-156.45942, 52.12683, -68.78845]
						},
						"0.375": {
							"vector": [-174.68914, 78.19024, -103.18268]
						}
					}
				}
			}
		},
		"idle": {
			"loop": true
		}
	},
	"geckolib_format_version": 2
}